logYield,Management,PlantingDate,AnthesisDate,ASI,DaysToSilk,vargroup,yrcode,sitecode
1.999220693,Optimal,20070527,68,0.9869,68.9869,ILHY,2007,286
1.779467566,Optimal,20070527,69,0.979,69.979,ILHY,2007,286
1.834707203,Optimal,20070527,71,0.6428,71.6428,ILHY,2007,286
2.098839675,Optimal,20070527,66,1.3186,67.3186,ILHY,2007,286
1.593308531,Optimal,20070527,69.6667,-0.0162,69.6505,ILHY,2007,286
2.11061312,Optimal,20070527,72.3333,3.3042,75.6375,ILHY,2007,286
1.828300313,Optimal,20070527,71.6667,2.3095,73.9762,ILHY,2007,286
2.081102661,Optimal,20070527,71,1.9751,72.9751,ILHY,2007,286
2.329548297,Optimal,20070527,70,0.983,70.983,ILHY,2007,286
1.69744879,Optimal,20070527,73.3333,0.3083,73.6416,ILHY,2007,286
1.856813482,Optimal,20070527,70,1.9691,71.9691,ILHY,2007,286
1.585821221,Optimal,20070527,70.6667,4.981,75.6477,ILHY,2007,286
1.710187816,Optimal,20070527,68,5.3113,73.3113,ILHY,2007,286
1.89811449,Optimal,20070527,78,0.9753,78.9753,ILHY,2007,286
2.247072383,Optimal,20070527,77.6667,-0.0271,77.6396,ILHY,2007,286
1.883015989,Optimal,20070527,68.3333,3.6378,71.9711,ILHY,2007,286
2.196857843,Optimal,20070527,68.3333,-0.0178,68.3155,ILHY,2007,286
2.12265667,Optimal,20070527,67,1.985,68.985,ILHY,2007,286
1.960094784,Optimal,20070527,67.6667,2.3153,69.982,ILHY,2007,286
1.816452082,Optimal,20070527,70.6667,1.9737,72.6404,ILHY,2007,286
1.830980182,Optimal,20070527,69.6667,2.983,72.6497,ILHY,2007,286
1.961966271,Optimal,20070527,71.6667,0.976,72.6427,ILHY,2007,286
2.010453134,Optimal,20070527,70,1.6434,71.6434,ILHY,2007,286
1.873339456,Optimal,20070527,67.3333,3.6448,70.9781,ILHY,2007,286
2.219203484,Optimal,20070527,71.6667,-0.0307,71.636,ILHY,2007,286
1.776645831,Optimal,20070527,67,2.977,69.977,ILHY,2007,286
1.923270071,Optimal,20070527,72,0.3166,72.3166,ILHY,2007,286
2.022434587,Optimal,20070527,74,2.6366,76.6366,ILHY,2007,286
2.022434587,Optimal,20070527,68.6667,1.977,70.6437,ILHY,2007,286
2.200186852,Optimal,20070527,71.6667,2.3145,73.9812,ILHY,2007,286
2.245356097,Optimal,20050624,74.07842253,0.85480495,74.93322748,ILHY,2005,286
2.087642664,Optimal,20050624,75.40100575,1.034162188,76.43516794,ILHY,2005,286
2.052948271,Optimal,20050624,68.95983862,1.357334421,70.31717304,ILHY,2005,286
2.035079415,Optimal,20050624,79.52942724,1.270255197,80.79968244,ILHY,2005,286
2.00067909,Optimal,20050624,73.32643819,2.043707438,75.37014563,ILHY,2005,286
1.998032339,Optimal,20050624,78.02254807,1.428861681,79.45140976,ILHY,2005,286
1.980139089,Optimal,20050624,78.78430234,1.626007227,80.41030957,ILHY,2005,286
1.964569348,Optimal,20050624,74.88925947,1.330285335,76.2195448,ILHY,2005,286
1.960332786,Optimal,20050624,72.24311285,1.203642798,73.44675564,ILHY,2005,286
1.855024218,Optimal,20050624,75.83429755,1.319695682,77.15399323,ILHY,2005,286
1.833574598,Optimal,20050624,75.20586384,1.322969897,76.52883373,ILHY,2005,286
2.058141294,Optimal,20050622,99.53203952,-0.532039515,99,ILHY,2005,286
2.016736894,Optimal,20050622,91.34072704,0.659272963,92,ILHY,2005,286
2.005463048,Optimal,20050622,93.11514753,-0.448480858,92.66666667,ILHY,2005,286
1.98581744,Optimal,20050622,88.28956367,0.71043633,89,ILHY,2005,286
1.966492118,Optimal,20050622,93.84800215,-0.848002148,93,ILHY,2005,286
1.910317513,Optimal,20050622,94.78600873,2.547324606,97.33333333,ILHY,2005,286
1.89245914,Optimal,20050622,92.27638751,-0.943054173,91.33333333,ILHY,2005,286
1.83953854,Optimal,20050622,98.17048211,1.82951789,100,ILHY,2005,286
1.832405448,Optimal,20050622,95.68195176,-0.015285091,95.66666667,ILHY,2005,286
1.795480316,Optimal,20050622,94.21979705,1.113536282,95.33333333,ILHY,2005,286
1.698492201,Optimal,20050622,95.21079211,0.122541228,95.33333333,ILHY,2005,286
2.012308547,Optimal,20050624,68.03900894,1.465951057,69.50496,ILHY,2005,286
1.982154826,Optimal,20050624,75.74538027,-10.5882297,65.15715057,ILHY,2005,286
1.972018716,Optimal,20050624,66.94603939,0.315187105,67.2612265,ILHY,2005,286
1.948316775,Optimal,20050624,67.68854493,-0.374417715,67.31412721,ILHY,2005,286
1.910263233,Optimal,20050624,59.91977048,12.31753224,72.23730272,ILHY,2005,286
1.851740747,Optimal,20050624,68.54894412,1.788945308,70.33788943,ILHY,2005,286
1.843582068,Optimal,20050624,68.43277305,1.321420079,69.75419313,ILHY,2005,286
1.835026472,Optimal,20050624,67.23769572,0.195939415,67.43363513,ILHY,2005,286
1.806062251,Optimal,20050624,64.49019695,0.295654512,64.78585147,ILHY,2005,286
1.765774772,Optimal,20050624,64.938774,-1.491593927,63.44718007,ILHY,2005,286
1.250732337,Optimal,20050624,63.62118756,1.030059483,64.65124704,ILHY,2005,286
2.06069186,Optimal,20050622,77.66666667,-0.333333334,77.33333333,ILHY,2005,286
2.041544951,Optimal,20050622,83,-0.333333333,82.66666667,ILHY,2005,286
2.014360651,Optimal,20050622,79.33333333,0.666666667,80,ILHY,2005,286
2.007296386,Optimal,20050622,80.33333333,-0.333333333,80,ILHY,2005,286
2.005669411,Optimal,20050622,81.66666667,-0.333333334,81.33333333,ILHY,2005,286
1.991142973,Optimal,20050622,76.66666667,-2,74.66666667,ILHY,2005,286
1.968263209,Optimal,20050622,79.66666667,0,79.66666667,ILHY,2005,286
1.955063368,Optimal,20050622,79.66666667,1.666666666,81.33333333,ILHY,2005,286
1.93116386,Optimal,20050622,80,-0.333333333,79.66666667,ILHY,2005,286
1.774596355,Optimal,20050622,75.33333333,-0.666666666,74.66666667,ILHY,2005,286
1.141437609,Optimal,20050622,73.66666667,2.333333333,76,ILHY,2005,286
1.470135925,Low N,20051102,64.33333333,0.666666667,65,ILHY,2005,480
1.455564742,Low N,20051102,63,1,64,ILHY,2005,480
1.111781654,Low N,20051102,62.66666667,2.333333333,65,ILHY,2005,480
0.674329071,Low N,20051102,62.33333333,2.333333334,64.66666667,ILHY,2005,480
0.61217617,Low N,20051102,63,2,65,ILHY,2005,480
0.281465191,Low N,20051102,62.33333333,1.333333334,63.66666667,ILHY,2005,480
0.022450818,Low N,20051102,62.66666667,1.666666666,64.33333333,ILHY,2005,480
-0.001254349,Low N,20051102,63.33333333,1.333333334,64.66666667,ILHY,2005,480
-0.135999055,Low N,20051102,62.66666667,2.333333333,65,ILHY,2005,480
-0.156060144,Low N,20051102,62.66666667,1.333333333,64,ILHY,2005,480
-0.16292979,Low N,20051102,66.33333333,-1.666666666,64.66666667,ILHY,2005,480
1.947584936,Optimal,20050624,63.95588477,1.567796483,65.52368126,ILHY,2005,286
1.911323634,Optimal,20050624,60.41662551,0.576864946,60.99349046,ILHY,2005,286
1.903792673,Optimal,20050624,62.15687243,1.740995137,63.89786757,ILHY,2005,286
1.875538777,Optimal,20050624,60.09316872,2.015473251,62.10864198,ILHY,2005,286
1.832128028,Optimal,20050624,59.81860082,1.01147774,60.83007856,ILHY,2005,286
1.816576735,Optimal,20050624,58.98041152,1.209936401,60.19034792,ILHY,2005,286
1.797592424,Optimal,20050624,58.89218107,1.420725776,60.31290685,ILHY,2005,286
1.732097925,Optimal,20050624,60.64213992,1.398713056,62.04085297,ILHY,2005,286
1.928056478,Optimal,20050622,82.21538462,2.451282052,84.66666667,ILHY,2005,286
1.882402208,Optimal,20050622,83.59145299,1.408547009,85,ILHY,2005,286
1.876422257,Optimal,20050622,80.52649573,1.140170941,81.66666667,ILHY,2005,286
1.739623715,Optimal,20050622,82.44102564,1.225641026,83.66666667,ILHY,2005,286
1.734565761,Optimal,20050622,82.28547009,1.381196582,83.66666667,ILHY,2005,286
1.718202627,Optimal,20050622,80.52136752,0.811965812,81.33333333,ILHY,2005,286
1.693533933,Optimal,20050622,80.34358974,-0.676923077,79.66666667,ILHY,2005,286
1.676766288,Optimal,20050622,80.03760684,-0.037606838,80,ILHY,2005,286
2.09703585,Optimal,20060419,71,1,72,ILHY,2006,492
2.016901023,Optimal,20060419,70,0,70,ILHY,2006,492
1.97519152,Optimal,20060419,73,1,74,ILHY,2006,492
1.952885763,Optimal,20060419,70,1,71,ILHY,2006,492
1.848139803,Optimal,20060419,71,2,73,ILHY,2006,492
1.797410141,Optimal,20060419,67,1,68,ILHY,2006,492
1.773595499,Optimal,20060419,70,0,70,ILHY,2006,492
1.749199855,Optimal,20060419,69,1,70,ILHY,2006,492
1.397186689,Low N,20051102,63.79587302,5.524676451,69.32054947,ILHY,2005,480
1.249517406,Low N,20051102,63.0859127,1.679798247,64.76571094,ILHY,2005,480
1.227868689,Low N,20051102,63.23298942,3.680750168,66.91373959,ILHY,2005,480
1.215229611,Low N,20051102,63.38350529,4.344929606,67.7284349,ILHY,2005,480
1.16167063,Low N,20051102,63.45154762,2.795525302,66.24707292,ILHY,2005,480
0.92224277,Low N,20051102,62.8673545,2.046385089,64.91373959,ILHY,2005,480
0.886548656,Low N,20051102,63.3512037,2.988521562,66.33972527,ILHY,2005,480
0.674209693,Low N,20051102,63.41580688,1.664061603,65.07986848,ILHY,2005,480
1.878319355,Optimal,20070527,59.2365,2.3333,61.5698,ILHY,2007,286
2.047821867,Optimal,20070527,63.7094,1,64.7094,ILHY,2007,286
2.11989947,Optimal,20070527,65.8552,1.3333,67.1885,ILHY,2007,286
1.965852823,Optimal,20070527,68.099,-1.3333,66.7657,ILHY,2007,286
1.8754417,Optimal,20070527,64.8552,1,65.8552,ILHY,2007,286
1.907629565,Optimal,20070527,63.2615,1.3333,64.5948,ILHY,2007,286
1.908623564,Optimal,20070527,58.9282,1.3333,60.2615,ILHY,2007,286
1.832837431,Optimal,20070527,68.2135,-1.6667,66.5468,ILHY,2007,286
1.626570311,Optimal,20070527,60.351,3,63.351,ILHY,2007,286
2.41440371,Optimal,20070527,68.4073,6.3333,74.7406,ILHY,2007,286
1.860352261,Optimal,20060607,44.6667,0.6825,45.3492,ILHY,2006,286
1.938108366,Optimal,20060607,43,0.4598,43.4598,ILHY,2006,286
1.878823623,Optimal,20060607,42,0.3966,42.3966,ILHY,2006,286
1.813243688,Optimal,20060607,43,0.3649,43.3649,ILHY,2006,286
2.065912941,Optimal,20060607,43,0.4124,43.4124,ILHY,2006,286
1.932231304,Optimal,20060607,44,1,45,ILHY,2006,286
1.94943251,Optimal,20060607,45,0.7141,45.7141,ILHY,2006,286
1.959658069,Optimal,20060607,45.6667,0.4282,46.0949,ILHY,2006,286
2.043322015,Optimal,20060607,46,1.6351,47.6351,ILHY,2006,286
1.389713509,Optimal,20070508,53.5798,7.218,60.7978,ILHY,2007,2101
1.498506352,Optimal,20070508,53.3711,5.2874,58.6585,ILHY,2007,2101
0.986674635,Optimal,20070508,53.5966,6.8245,60.4211,ILHY,2007,2101
1.756304988,Optimal,20070508,53.7337,5.7627,59.4964,ILHY,2007,2101
1.615519383,Optimal,20070508,53.1995,6.4961,59.6956,ILHY,2007,2101
1.551766426,Optimal,20070508,53.386,5.9467,59.3327,ILHY,2007,2101
1.318443694,Optimal,20070508,53.2801,7.7642,61.0443,ILHY,2007,2101
1.484441422,Optimal,20070508,54.066,7.1224,61.1884,ILHY,2007,2101
1.648774004,Optimal,20070508,53.962,6.2204,60.1824,ILHY,2007,2101
1.408936092,Optimal,20070508,53.2766,7.3335,60.6101,ILHY,2007,2101
1.521458795,Optimal,20070508,54.0086,6.8121,60.8207,ILHY,2007,2101
1.529853433,Optimal,20070508,53.8522,5.477,59.3292,ILHY,2007,2101
1.405435005,Optimal,20070508,53.5804,6.0614,59.6418,ILHY,2007,2101
1.670043711,Optimal,20070508,53.2163,6.1025,59.3188,ILHY,2007,2101
1.655061162,Optimal,20070508,53.4191,7.3162,60.7353,ILHY,2007,2101
1.399111865,Optimal,20070508,54.0219,6.6545,60.6764,ILHY,2007,2101
1.712193037,Optimal,20070508,53.3375,6.0745,59.412,ILHY,2007,2101
1.512816874,Optimal,20070508,53.7188,6.77,60.4888,ILHY,2007,2101
1.767825319,Optimal,20070508,53.5684,6.3227,59.8911,ILHY,2007,2101
1.531735797,Optimal,20070508,53.9636,6.0373,60.0009,ILHY,2007,2101
1.42361423,Optimal,20070508,53.3889,6.8674,60.2563,ILHY,2007,2101
1.566175442,Optimal,20070508,53.7673,6.3089,60.0762,ILHY,2007,2101
1.480535788,Optimal,20070508,53.6105,6.5102,60.1207,ILHY,2007,2101
1.456006974,Optimal,20070508,53.9769,7.5464,61.5233,ILHY,2007,2101
1.569303182,Optimal,20070508,53.6579,6.029,59.6869,ILHY,2007,2101
1.424697432,Optimal,20070508,53.6565,7.2586,60.9151,ILHY,2007,2101
1.769837598,Optimal,20070508,53.7048,5.4176,59.1224,ILHY,2007,2101
1.419946715,Optimal,20070508,53.9601,6.94,60.9001,ILHY,2007,2101
1.422963745,Optimal,20070508,53.1865,5.7839,58.9704,ILHY,2007,2101
1.406978952,Optimal,20070508,53.5639,6.5852,60.1491,ILHY,2007,2101
1.014034312,Optimal,20070407,52.4679,2.6476,55.1155,ILHY,2007,2102
0.928219303,Optimal,20070407,51.9425,2.6415,54.584,ILHY,2007,2102
1.072713115,Optimal,20070407,51.7225,2.957,54.6795,ILHY,2007,2102
1.411791528,Optimal,20070407,52.5128,2.9633,55.4761,ILHY,2007,2102
1.360130041,Optimal,20070407,52.3224,2.9714,55.2938,ILHY,2007,2102
0.951657876,Optimal,20070407,52.7347,2.9634,55.6981,ILHY,2007,2102
1.190887565,Optimal,20070407,53.2591,2.9722,56.2313,ILHY,2007,2102
1.279071,Optimal,20070407,52.5661,2.9749,55.541,ILHY,2007,2102
1.139978135,Optimal,20070407,51.9355,2.9794,54.9149,ILHY,2007,2102
1.477801865,Optimal,20070407,52.1557,2.9652,55.1209,ILHY,2007,2102
1.554622634,Optimal,20070407,52.9688,2.9721,55.9409,ILHY,2007,2102
1.338494956,Optimal,20070407,52.9801,2.9812,55.9613,ILHY,2007,2102
0.998165606,Optimal,20070407,52.6786,2.9721,55.6507,ILHY,2007,2102
1.442981831,Optimal,20070407,53.1994,2.9821,56.1815,ILHY,2007,2102
1.687009878,Optimal,20070407,52.7511,3.3189,56.07,ILHY,2007,2102
1.612094381,Optimal,20070407,52.7161,2.6451,55.3612,ILHY,2007,2102
1.547562509,Optimal,20070407,52.0645,2.9668,55.0313,ILHY,2007,2102
1.693779061,Optimal,20070407,52.7056,2.9863,55.6919,ILHY,2007,2102
1.695615609,Optimal,20070407,52.5591,2.9794,55.5385,ILHY,2007,2102
1.612094381,Optimal,20070407,53.6436,2.965,56.6086,ILHY,2007,2102
1.520978214,Optimal,20070407,53.8644,2.9678,56.8322,ILHY,2007,2102
1.572089046,Optimal,20070407,53.1634,3.3109,56.4743,ILHY,2007,2102
1.532556868,Optimal,20070407,51.6005,2.965,54.5655,ILHY,2007,2102
1.415051872,Optimal,20070407,51.8189,2.9685,54.7874,ILHY,2007,2102
1.325296232,Optimal,20070407,52.6268,2.9624,55.5892,ILHY,2007,2102
1.503343794,Optimal,20070407,52.8819,2.3206,55.2025,ILHY,2007,2102
1.397901734,Optimal,20070407,50.9005,2.9723,53.8728,ILHY,2007,2102
1.228675173,Optimal,20070407,52.6628,2.9669,55.6297,ILHY,2007,2102
0.530628251,Optimal,20070407,52.6811,2.3047,54.9858,ILHY,2007,2102
1.095273387,Optimal,20070407,52.6012,2.982,55.5832,ILHY,2007,2102
0.611557444,Optimal,20070419,47.2958,3.3333,50.6291,ILHY,2007,2102
0.891998039,Optimal,20070419,47.3773,4.6667,52.044,ILHY,2007,2102
0.918967147,Optimal,20070419,47.667,3.3333,51.0003,ILHY,2007,2102
0.90825856,Optimal,20070419,48.1538,3,51.1538,ILHY,2007,2102
1.228675173,Optimal,20070419,45.567,4,49.567,ILHY,2007,2102
0.791498187,Optimal,20070419,48.2944,3,51.2944,ILHY,2007,2102
0.080011938,Optimal,20070419,48.0832,3.3333,51.4165,ILHY,2007,2102
0.572842218,Optimal,20070419,46.1832,3.6667,49.8499,ILHY,2007,2102
0.798992579,Optimal,20070419,48.3973,3.3333,51.7306,ILHY,2007,2102
0.928219303,Optimal,20070419,47.0034,3.3333,50.3367,ILHY,2007,2102
0.837247525,Optimal,20070419,46.3759,4,50.3759,ILHY,2007,2102
1.206958343,Optimal,20070419,48.6714,3.3333,52.0047,ILHY,2007,2102
0.955511445,Optimal,20070419,47.1241,3,50.1241,ILHY,2007,2102
0.995730181,Optimal,20070419,46.6359,3,49.6359,ILHY,2007,2102
0.591501977,Optimal,20070419,46.8611,3.3333,50.1944,ILHY,2007,2102
0.092305671,Optimal,20070419,47.4641,3.6667,51.1308,ILHY,2007,2102
0.91228271,Optimal,20070419,46.2434,3.3333,49.5767,ILHY,2007,2102
0.815364813,Optimal,20070419,47.1062,3.6667,50.7729,ILHY,2007,2102
0.74350754,Optimal,20070419,46.8202,3.6667,50.4869,ILHY,2007,2102
1.126000452,Optimal,20070419,46.7485,3,49.7485,ILHY,2007,2102
1.207257404,Optimal,20070508,53,7.6667,60.6667,ILHY,2007,2101
1.13856991,Optimal,20070508,53,7.6667,60.6667,ILHY,2007,2101
1.687527946,Optimal,20070508,50,6.3333,56.3333,ILHY,2007,2101
1.423662398,Optimal,20070508,51,7,58,ILHY,2007,2101
1.36790124,Optimal,20070508,51.6667,6.6667,58.3334,ILHY,2007,2101
1.394088905,Optimal,20070508,52.3333,7.3333,59.6666,ILHY,2007,2101
0.47162731,Optimal,20070508,53.3333,7.3333,60.6666,ILHY,2007,2101
0.339538958,Optimal,20070508,53,6.6667,59.6667,ILHY,2007,2101
0.598781555,Optimal,20070508,53.3333,6.6667,60,ILHY,2007,2101
0.552504851,Optimal,20070508,53.3333,7.3333,60.6666,ILHY,2007,2101
1.364508769,Optimal,20070508,51.6667,7.3333,59,ILHY,2007,2101
1.289810993,Optimal,20070508,52,6.3333,58.3333,ILHY,2007,2101
1.28699875,Optimal,20070508,52.3333,6.6667,59,ILHY,2007,2101
1.132401612,Optimal,20070508,52.3333,6,58.3333,ILHY,2007,2101
-0.926846246,Optimal,20070508,53.3333,7,60.3333,ILHY,2007,2101
-2.795243413,Optimal,20070508,53.6667,7,60.6667,ILHY,2007,2101
1.004411493,Optimal,20070508,51.6667,6.6667,58.3334,ILHY,2007,2101
1.285976665,Optimal,20070508,53,6,59,ILHY,2007,2101
1.295548748,Optimal,20070508,50.3333,7,57.3333,ILHY,2007,2101
1.608617576,Optimal,20070508,51.6667,6.3333,58,ILHY,2007,2101
1.228675173,Optimal,20070407,49.7745,4.4423,54.2168,ILHY,2007,2102
1.141033005,Optimal,20070407,50.3272,4.5315,54.8587,ILHY,2007,2102
1.477048724,Optimal,20070407,48.4902,6.6834,55.1736,ILHY,2007,2102
0.763931779,Optimal,20070407,46.454,7.477,53.931,ILHY,2007,2102
1.271640799,Optimal,20070407,48.8468,5.1885,54.0353,ILHY,2007,2102
1.100843132,Optimal,20070407,48.8795,5.1113,53.9908,ILHY,2007,2102
1.280933845,Optimal,20070407,48.6703,5.1894,53.8597,ILHY,2007,2102
1.101940079,Optimal,20070407,48.925,5.7356,54.6606,ILHY,2007,2102
1.011600912,Optimal,20070407,47.3044,6.5527,53.8571,ILHY,2007,2102
1.220829921,Optimal,20070407,48.7547,4.8875,53.6422,ILHY,2007,2102
0.950382932,Optimal,20070407,47.242,6.7977,54.0397,ILHY,2007,2102
0.978326123,Optimal,20070407,48.8271,5.2532,54.0803,ILHY,2007,2102
1.351521741,Optimal,20070407,49.6803,4.1334,53.8137,ILHY,2007,2102
0.878256515,Optimal,20070407,50.608,4.3872,54.9952,ILHY,2007,2102
1.446918983,Optimal,20070407,49.5689,5.0901,54.659,ILHY,2007,2102
1.379596984,Optimal,20070407,47.8333,7.3413,55.1746,ILHY,2007,2102
1.410986974,Optimal,20070407,50.5787,4.4146,54.9933,ILHY,2007,2102
1.320875453,Optimal,20070407,50.9646,3.8922,54.8568,ILHY,2007,2102
1.335869111,Optimal,20070407,50.0527,4.7639,54.8166,ILHY,2007,2102
1.223775432,Optimal,20070407,49.6243,4.0389,53.6632,ILHY,2007,2102
1.382963821,Optimal,20070407,50.9285,4.0191,54.9476,ILHY,2007,2102
1.180714413,Optimal,20070407,49.4249,5.7906,55.2155,ILHY,2007,2102
1.327075001,Optimal,20070407,50.3697,4.1122,54.4819,ILHY,2007,2102
1.236430314,Optimal,20070407,50.3043,4.2665,54.5708,ILHY,2007,2102
1.385469021,Optimal,20070407,49.5916,5.116,54.7076,ILHY,2007,2102
1.337629189,Optimal,20070407,51.2553,3.3587,54.614,ILHY,2007,2102
1.250846848,Optimal,20070407,50.405,4.5692,54.9742,ILHY,2007,2102
1.2753628,Optimal,20070407,52.3498,2.5574,54.9072,ILHY,2007,2102
0.627701581,Optimal,20070407,48.1087,6.1917,54.3004,ILHY,2007,2102
0.93346245,Optimal,20070407,49.4122,4.3596,53.7718,ILHY,2007,2102
1.553946344,Optimal,20070508,50.1375,7,57.1375,ILHY,2007,2101
1.595176703,Optimal,20070508,51.7595,7.3333,59.0928,ILHY,2007,2101
1.620001916,Optimal,20070508,49.5212,7,56.5212,ILHY,2007,2101
1.706128957,Optimal,20070508,48.8113,7,55.8113,ILHY,2007,2101
1.565402427,Optimal,20070508,49.7609,6,55.7609,ILHY,2007,2101
1.756684816,Optimal,20070508,51.0462,6,57.0462,ILHY,2007,2101
1.592210367,Optimal,20070508,51.1484,7.3333,58.4817,ILHY,2007,2101
1.396516932,Optimal,20070508,48.8489,7,55.8489,ILHY,2007,2101
1.829601027,Optimal,20070508,49.0983,6,55.0983,ILHY,2007,2101
1.676030572,Optimal,20070508,50.7237,6.3333,57.057,ILHY,2007,2101
1.526360605,Optimal,20070508,50.3938,6,56.3938,ILHY,2007,2101
1.833972496,Optimal,20070508,49.7724,6.6667,56.4391,ILHY,2007,2101
1.420188413,Optimal,20070508,52.1862,6.6667,58.8529,ILHY,2007,2101
0.814302302,Optimal,20070508,49.1825,6.6667,55.8492,ILHY,2007,2101
1.928793055,Optimal,20070508,49.8485,6,55.8485,ILHY,2007,2101
1.58095613,Optimal,20070508,51.1504,6.6667,57.8171,ILHY,2007,2101
1.836892159,Optimal,20070508,53.1037,6.3333,59.437,ILHY,2007,2101
2.024906155,Optimal,20070508,52.0181,7,59.0181,ILHY,2007,2101
1.932462997,Optimal,20070508,52.7291,6.3333,59.0624,ILHY,2007,2101
1.818514993,Optimal,20070508,49.7592,6.6667,56.4259,ILHY,2007,2101
1.864607124,Optimal,20070508,53.0124,7.3333,60.3457,ILHY,2007,2101
1.725174411,Optimal,20070508,54.0499,4.3333,58.3832,ILHY,2007,2101
1.668046386,Optimal,20070508,52.3434,6.6667,59.0101,ILHY,2007,2101
1.661366005,Optimal,20070508,51.8005,6.6667,58.4672,ILHY,2007,2101
1.830354987,Optimal,20070508,52.6878,6.6667,59.3545,ILHY,2007,2101
1.606994931,Optimal,20070508,53.6899,6.3333,60.0232,ILHY,2007,2101
2.06754607,Optimal,20070508,53.0679,4,57.0679,ILHY,2007,2101
1.799545744,Optimal,20070508,51.3454,6.3333,57.6787,ILHY,2007,2101
1.390112064,Optimal,20070508,50.1933,6.3333,56.5266,ILHY,2007,2101
1.696697592,Optimal,20070508,50.8093,7,57.8093,ILHY,2007,2101
1.282793227,Optimal,20070508,52.1,6.0485,58.1485,ILHY,2007,2101
-0.054773026,Optimal,20070508,51.9,6.6261,58.5261,ILHY,2007,2101
-0.820980552,Optimal,20070508,52.4333,5.7901,58.2234,ILHY,2007,2101
0.438254931,Optimal,20070508,51.6667,6.5852,58.2519,ILHY,2007,2101
0.88376754,Optimal,20070508,51.6667,6.8811,58.5478,ILHY,2007,2101
0.822727026,Optimal,20070508,52.7667,5.6383,58.405,ILHY,2007,2101
1.551109403,Optimal,20070508,,,,ILHY,2007,2101
1.360976553,Optimal,20070508,52.7667,6.5711,59.3378,ILHY,2007,2101
1.532556868,Optimal,20070508,51.9,7.3697,59.2697,ILHY,2007,2101
1.017655274,Optimal,20070508,52.3,5.7672,58.0672,ILHY,2007,2101
1.474763009,Optimal,20070508,52.1832,5.3977,57.5809,ILHY,2007,2101
1.345472367,Optimal,20070508,51.9,6.5117,58.4117,ILHY,2007,2101
1.355835154,Optimal,20070508,51.4333,6.427,57.8603,ILHY,2007,2101
1.356685308,Optimal,20070508,51.2333,7.2736,58.5069,ILHY,2007,2101
1.45938217,Optimal,20070508,52.1832,5.0547,57.2379,ILHY,2007,2101
1.54613596,Optimal,20070508,50.9667,6.5405,57.5072,ILHY,2007,2101
1.502587398,Optimal,20070508,52.9667,6.138,59.1047,ILHY,2007,2101
1.579658886,Optimal,20070508,51.8082,5.2819,57.0901,ILHY,2007,2101
1.602755636,Optimal,20070508,52.3333,6.5458,58.8791,ILHY,2007,2101
1.496649881,Optimal,20070508,52.3,5.0074,57.3074,ILHY,2007,2101
1.231597699,Optimal,20070508,52.4957,6.3814,58.8771,ILHY,2007,2101
1.477048724,Optimal,20070508,51.9667,5.5877,57.5544,ILHY,2007,2101
1.477801865,Optimal,20070508,51.6333,5.8836,57.5169,ILHY,2007,2101
1.379596984,Optimal,20070508,52.4333,6.3799,58.8132,ILHY,2007,2101
1.648023809,Optimal,20070508,52,5.394,57.394,ILHY,2007,2101
1.462491221,Optimal,20070508,51.1832,5.3686,56.5518,ILHY,2007,2101
1.311031877,Optimal,20070508,53.8082,7.3943,61.2025,ILHY,2007,2101
1.411791528,Optimal,20070508,51.9667,6.4062,58.3729,ILHY,2007,2101
1.037906414,Optimal,20070508,51.3,6.0843,57.3843,ILHY,2007,2101
1.27723256,Optimal,20070508,51.9667,5.7587,57.7254,ILHY,2007,2101
0.111541375,Optimal,20060629,67.4116,3,70.4116,ILHY,2006,2201
0.685921135,Optimal,20060629,63.2531,5,68.2531,ILHY,2006,2201
0.299215308,Optimal,20060629,64.5248,6,70.5248,ILHY,2006,2201
0.732704376,Optimal,20060629,64.3472,3.3333,67.6805,ILHY,2006,2201
0.559501496,Optimal,20060629,62.6699,3.6667,66.3366,ILHY,2006,2201
0.636418086,Optimal,20060629,63.016,3,66.016,ILHY,2006,2201
0.501320594,Optimal,20060629,64.1873,3.6667,67.854,ILHY,2006,2201
0.792222989,Optimal,20060629,63.3006,3,66.3006,ILHY,2006,2201
0.85857687,Optimal,20060629,62.5227,3.3333,65.856,ILHY,2006,2201
0.575770312,Optimal,20060629,64.6358,3,67.6358,ILHY,2006,2201
0.192601866,Optimal,20060629,62.0932,4,66.0932,ILHY,2006,2201
0.778407025,Optimal,20060629,62.1081,5.3333,67.4414,ILHY,2006,2201
0.580538236,Optimal,20060629,59.963,6,65.963,ILHY,2006,2201
0.422715462,Optimal,20060629,59.4774,4,63.4774,ILHY,2006,2201
-0.118783536,Optimal,20060629,60.5886,4,64.5886,ILHY,2006,2201
0.279826296,Optimal,20060629,65.3473,3,68.3473,ILHY,2006,2201
0.439415547,Optimal,20060629,60.1462,3.6667,63.8129,ILHY,2006,2201
0.340179641,Optimal,20060629,62.3196,3.3333,65.6529,ILHY,2006,2201
-0.403616817,Optimal,20060629,67.3798,3.6667,71.0465,ILHY,2006,2201
0.017643435,Optimal,20060629,69.2063,2.3333,71.5396,ILHY,2006,2201
0.802629191,Optimal,20060927,56.3248,2.6879,59.0127,ILHY,2006,2202
0.625243002,Optimal,20060927,53.1884,2.8468,56.0352,ILHY,2006,2202
0.848953632,Optimal,20060927,56.9272,3.4946,60.4218,ILHY,2006,2202
0.843806057,Optimal,20060927,58.4963,3.5466,62.0429,ILHY,2006,2202
0.58249491,Optimal,20060927,52.8255,3.3008,56.1263,ILHY,2006,2202
0.3916366,Optimal,20060927,53.7885,3.3535,57.142,ILHY,2006,2202
0.852285402,Optimal,20060927,57.2957,3.1789,60.4746,ILHY,2006,2202
0.689339942,Optimal,20060927,56.9313,2.7243,59.6556,ILHY,2006,2202
0.990024348,Optimal,20060927,55.6664,2.83,58.4964,ILHY,2006,2202
1.099445275,Optimal,20060927,58.4717,3.3045,61.7762,ILHY,2006,2202
0.871000436,Optimal,20060927,58.567,3.6191,62.1861,ILHY,2006,2202
1.011964482,Optimal,20060927,54.3622,2.6723,57.0345,ILHY,2006,2202
1.011419077,Optimal,20060927,74.5542,3.8606,78.4148,ILHY,2006,2202
0.261825658,Optimal,20060927,76.9148,3.7733,80.6881,ILHY,2006,2202
1.195285176,Optimal,20060927,61.2359,2.9192,64.1551,ILHY,2006,2202
0.527741736,Optimal,20060927,55.6207,2.7034,58.3241,ILHY,2006,2202
1.156944088,Optimal,20060927,77.5214,3.8097,81.3311,ILHY,2006,2202
0.939264795,Optimal,20060927,57.66,2.6175,60.2775,ILHY,2006,2202
0.876343355,Optimal,20060927,52.2938,2.8999,55.1937,ILHY,2006,2202
0.854713156,Optimal,20060927,56.5875,2.9487,59.5362,ILHY,2006,2202
1.012400592,Optimal,20060927,52.9522,2.4244,55.3766,ILHY,2006,2202
0.532802357,Optimal,20060927,59.7284,2.7232,62.4516,ILHY,2006,2202
0.954472444,Optimal,20060927,77.484,3.8253,81.3093,ILHY,2006,2202
0.984061524,Optimal,20060927,67.5998,2.67,70.2698,ILHY,2006,2202
0.691796268,Optimal,20060927,62.364,2.9514,65.3154,ILHY,2006,2202
1.018197289,Optimal,20060927,57.5337,3.1977,60.7314,ILHY,2006,2202
1.175202891,Optimal,20060927,58.3954,2.7604,61.1558,ILHY,2006,2202
0.913205979,Optimal,20060927,50.7224,2.8811,53.6035,ILHY,2006,2202
0.177811401,Optimal,20060927,60.6645,2.9004,63.5649,ILHY,2006,2202
0.287582067,Optimal,20060927,52.7867,1.7411,54.5278,ILHY,2006,2202
-0.762068626,Optimal,20060729,61.3513,3.7462,65.0975,ILHY,2006,2301
-0.791201121,Optimal,20060729,60.5222,3.5435,64.0657,ILHY,2006,2301
-0.875388741,Optimal,20060729,61.5206,4.7022,66.2228,ILHY,2006,2301
-1.386294361,Optimal,20060729,59.1156,3.315,62.4306,ILHY,2006,2301
-1.85342213,Optimal,20060729,61.1228,4.2019,65.3247,ILHY,2006,2301
-1.193032864,Optimal,20060729,58.1321,4.1182,62.2503,ILHY,2006,2301
-0.478035801,Optimal,20060729,62.6949,4.9809,67.6758,ILHY,2006,2301
-1.139434283,Optimal,20060729,59.6664,5.1016,64.768,ILHY,2006,2301
-0.851674089,Optimal,20060729,59.9974,4.507,64.5044,ILHY,2006,2301
-0.653926467,Optimal,20060729,59.7397,4.3301,64.0698,ILHY,2006,2301
-0.579818495,Optimal,20060729,60.549,4.5815,65.1305,ILHY,2006,2301
-0.748025842,Optimal,20060729,59.2985,3.7568,63.0553,ILHY,2006,2301
-1.771956842,Optimal,20060729,60.4301,3.2505,63.6806,ILHY,2006,2301
-0.579818495,Optimal,20060729,61.5466,3.3202,64.8668,ILHY,2006,2301
-1.059295426,Optimal,20060729,63.8484,3.99,67.8384,ILHY,2006,2301
-0.883581557,Optimal,20060729,59.687,3.3408,63.0278,ILHY,2006,2301
-2.177716111,Optimal,20060729,61.676,5.583,67.259,ILHY,2006,2301
-2.093134869,Optimal,20060729,62.6791,3.7007,66.3798,ILHY,2006,2301
-0.84397007,Optimal,20060729,61.9919,4.7948,66.7867,ILHY,2006,2301
-1.193032864,Optimal,20060729,60.962,4.6392,65.6012,ILHY,2006,2301
-1.897119985,Optimal,20060729,62.772,4.0803,66.8523,ILHY,2006,2301
-1.771956842,Optimal,20060729,60.7744,4.6749,65.4493,ILHY,2006,2301
-1.52924137,Optimal,20060729,62.7839,3.1563,65.9402,ILHY,2006,2301
-1.11871296,Optimal,20060729,62.8193,5.0241,67.8434,ILHY,2006,2301
-1.771956842,Optimal,20060729,59.0494,3.64,62.6894,ILHY,2006,2301
-1.139434283,Optimal,20060729,59.9675,3.3514,63.3189,ILHY,2006,2301
-1.059295426,Optimal,20060729,60.8295,2.9254,63.7549,ILHY,2006,2301
-1.149800325,Optimal,20060729,60.218,3.8427,64.0607,ILHY,2006,2301
-0.805868051,Optimal,20060729,57.5301,3.517,61.0471,ILHY,2006,2301
-0.07980107,Optimal,20060729,57.8878,3.627,61.5148,ILHY,2006,2301
1.538279499,Optimal,20050629,66.91408926,4.239210389,71.15329965,ILHY,2005,2202
1.498249237,Optimal,20050629,66.18996193,4.187478118,70.37744005,ILHY,2005,2202
1.466525135,Optimal,20050629,65.16908853,7.326805712,72.49589424,ILHY,2005,2202
1.444098993,Optimal,20050629,68.42914925,4.703909749,73.133059,ILHY,2005,2202
1.438062755,Optimal,20050629,66.98225742,3.546236379,70.5284938,ILHY,2005,2202
1.420813837,Optimal,20050629,65.61338997,8.009169977,73.62255995,ILHY,2005,2202
1.412036317,Optimal,20050629,65.63735438,4.198552378,69.83590676,ILHY,2005,2202
1.40071706,Optimal,20050629,65.53388102,3.708113558,69.24199458,ILHY,2005,2202
1.380181322,Optimal,20050629,68.01132565,3.561721928,71.57304758,ILHY,2005,2202
1.379407765,Optimal,20050629,68.51102985,4.048111783,72.55914163,ILHY,2005,2202
1.373187953,Optimal,20050629,67.84435177,3.839753181,71.68410495,ILHY,2005,2202
1.372000691,Optimal,20050629,65.83013836,4.032087344,69.8622257,ILHY,2005,2202
1.364063263,Optimal,20050629,67.67250603,4.314752964,71.98725899,ILHY,2005,2202
1.349019319,Optimal,20050629,67.43599536,5.363332433,72.7993278,ILHY,2005,2202
1.324979716,Optimal,20050629,67.08062198,3.151486541,70.23210852,ILHY,2005,2202
1.302393538,Optimal,20050629,66.50362743,4.025662803,70.52929023,ILHY,2005,2202
1.301480058,Optimal,20050629,66.73225207,3.944406748,70.67665881,ILHY,2005,2202
1.299436428,Optimal,20050629,66.76682651,3.896915306,70.66374181,ILHY,2005,2202
1.288830923,Optimal,20050629,66.38631383,5.372698508,71.75901233,ILHY,2005,2202
1.277686158,Optimal,20050629,67.3111488,3.720370441,71.03151924,ILHY,2005,2202
1.27480717,Optimal,20050629,67.64854225,4.281804055,71.9303463,ILHY,2005,2202
1.262820613,Optimal,20050629,64.93148863,4.036682205,68.96817083,ILHY,2005,2202
1.256910475,Optimal,20050629,64.54044607,2.702085385,67.24253146,ILHY,2005,2202
1.245387677,Optimal,20050629,68.10489166,4.930506889,73.03539855,ILHY,2005,2202
1.225295336,Optimal,20050629,64.7875985,4.471958475,69.25955698,ILHY,2005,2202
1.218345693,Optimal,20050629,64.53972609,4.079914018,68.6196401,ILHY,2005,2202
1.183875751,Optimal,20050629,66.35284122,3.174518117,69.52735933,ILHY,2005,2202
1.176327581,Optimal,20050629,66.19411656,5.020898096,71.21501465,ILHY,2005,2202
1.119886405,Optimal,20050629,65.22343454,5.21690341,70.44033795,ILHY,2005,2202
1.105097645,Optimal,20050629,68.01633947,4.620861403,72.63720087,ILHY,2005,2202
1.091790312,Optimal,20050629,65.14781399,4.927096835,70.07491083,ILHY,2005,2202
1.078253237,Optimal,20050629,66.78047139,3.742470193,70.52294158,ILHY,2005,2202
1.032814691,Optimal,20050629,64.1663888,3.838846856,68.00523566,ILHY,2005,2202
2.007565846,Optimal,20051102,77.25543413,1.640475599,78.89590973,ILHY,2005,480
1.964576108,Optimal,20051102,77.4096451,2.97576026,80.38540536,ILHY,2005,480
1.95924075,Optimal,20051102,74.29996516,2.074555411,76.37452057,ILHY,2005,480
1.951916069,Optimal,20051102,77.02030773,3.587512662,80.60782039,ILHY,2005,480
1.950546695,Optimal,20051102,76.98354394,2.670320643,79.65386458,ILHY,2005,480
1.939850639,Optimal,20051102,75.92663156,2.006449244,77.93308081,ILHY,2005,480
1.930132216,Optimal,20051102,78.0988222,1.684374613,79.78319681,ILHY,2005,480
1.918310857,Optimal,20051102,74.04931399,2.004554722,76.05386871,ILHY,2005,480
1.895192498,Optimal,20051102,77.91800665,1.670505232,79.58851189,ILHY,2005,480
1.893071872,Optimal,20051102,73.6422986,2.603399221,76.24569782,ILHY,2005,480
1.883001853,Optimal,20051102,76.98812657,1.741329306,78.72945588,ILHY,2005,480
1.882793979,Optimal,20051102,74.80063142,2.056920242,76.85755166,ILHY,2005,480
1.868922164,Optimal,20051102,77.89415847,2.989362586,80.88352106,ILHY,2005,480
1.858708326,Optimal,20051102,75.69944374,-0.587094778,75.11234896,ILHY,2005,480
1.851602667,Optimal,20051102,74.62251076,1.015118276,75.63762903,ILHY,2005,480
1.849894223,Optimal,20051102,76.09878719,2.327452027,78.42623922,ILHY,2005,480
1.848865409,Optimal,20051102,74.94668718,1.899048382,76.84573556,ILHY,2005,480
1.843510744,Optimal,20051102,73.36114294,1.272304916,74.63344785,ILHY,2005,480
1.839087859,Optimal,20051102,74.39476443,2.018493722,76.41325815,ILHY,2005,480
1.82173683,Optimal,20051102,73.99859708,2.988122258,76.98671934,ILHY,2005,480
1.819991937,Optimal,20051102,74.09822989,0.625941661,74.72417155,ILHY,2005,480
1.788684376,Optimal,20051102,72.62653489,1.037029636,73.66356453,ILHY,2005,480
1.783963284,Optimal,20051102,76.67341702,0.633090093,77.30650711,ILHY,2005,480
1.781597663,Optimal,20051102,77.74921731,2.660501989,80.4097193,ILHY,2005,480
1.748525292,Optimal,20051102,79.25980929,1.718512974,80.97832227,ILHY,2005,480
1.746113689,Optimal,20051102,75.31623671,2.365681702,77.68191841,ILHY,2005,480
1.738861878,Optimal,20051102,75.01704716,1.949598181,76.96664535,ILHY,2005,480
1.737787243,Optimal,20051102,72.60258056,0.715501025,73.31808159,ILHY,2005,480
1.737777756,Optimal,20051102,79.63688479,1.628322529,81.26520732,ILHY,2005,480
1.729013329,Optimal,20051102,76.29678906,1.992141073,78.28893013,ILHY,2005,480
1.668488735,Optimal,20051102,72.93861836,2.119329122,75.05794749,ILHY,2005,480
1.636750095,Optimal,20051102,75.63338296,2.021208595,77.65459155,ILHY,2005,480
1.427634562,Optimal,20051102,76.94812631,3.064376182,80.01250249,ILHY,2005,480
1.824907167,Optimal,20050629,65.82547669,5.23812106,71.06359775,ILHY,2005,2202
1.805942494,Optimal,20050629,64.58630394,3.348421016,67.93472496,ILHY,2005,2202
1.766705917,Optimal,20050629,64.01417327,3.456322785,67.47049605,ILHY,2005,2202
1.713307841,Optimal,20050629,65.01566537,4.029313362,69.04497874,ILHY,2005,2202
1.70129387,Optimal,20050629,64.24223926,4.649017533,68.8912568,ILHY,2005,2202
1.67841883,Optimal,20050629,61.78410193,4.608079646,66.39218158,ILHY,2005,2202
1.655605649,Optimal,20050629,65.10436044,4.329250739,69.43361118,ILHY,2005,2202
1.644300941,Optimal,20050629,61.87843267,3.48262537,65.36105804,ILHY,2005,2202
1.623107257,Optimal,20050629,68.05856057,3.486832507,71.54539308,ILHY,2005,2202
1.615063962,Optimal,20050629,66.80196681,3.286368635,70.08833544,ILHY,2005,2202
1.595370905,Optimal,20050629,66.37648142,3.739885234,70.11636665,ILHY,2005,2202
1.59490803,Optimal,20050629,66.13042338,3.627383484,69.75780687,ILHY,2005,2202
1.572293055,Optimal,20050629,64.46197886,4.387304165,68.84928303,ILHY,2005,2202
1.560106317,Optimal,20050629,64.24508073,4.47708167,68.7221624,ILHY,2005,2202
1.528428742,Optimal,20050629,62.24680725,3.659094083,65.90590134,ILHY,2005,2202
1.508348811,Optimal,20050629,60.92595529,4.245644353,65.17159964,ILHY,2005,2202
1.494106829,Optimal,20050629,60.57253989,3.600576654,64.17311654,ILHY,2005,2202
1.479164905,Optimal,20050629,62.32722395,5.336188915,67.66341287,ILHY,2005,2202
1.476393853,Optimal,20050629,66.66124652,3.80520437,70.46645089,ILHY,2005,2202
1.470072285,Optimal,20050629,66.35566192,5.33832673,71.69398865,ILHY,2005,2202
1.464869044,Optimal,20050629,64.30197334,3.670192564,67.97216591,ILHY,2005,2202
1.462171706,Optimal,20050629,65.1036626,3.450286384,68.55394899,ILHY,2005,2202
1.421249089,Optimal,20050629,64.60655276,3.588128373,68.19468113,ILHY,2005,2202
1.408279387,Optimal,20050629,64.20416137,3.772448915,67.97661029,ILHY,2005,2202
1.376145578,Optimal,20050629,65.06058489,4.455811241,69.51639613,ILHY,2005,2202
1.356608436,Optimal,20050629,64.66751748,4.101302877,68.76882036,ILHY,2005,2202
1.330531856,Optimal,20050629,65.32182808,5.022367636,70.34419572,ILHY,2005,2202
1.226091712,Optimal,20050629,64.14065446,3.988968054,68.12962251,ILHY,2005,2202
0.924258902,Optimal,20060629,64.738,4.6667,69.4047,ILHY,2006,2202
0.765467842,Optimal,20060629,60.9615,4,64.9615,ILHY,2006,2202
0.544241057,Optimal,20060629,60.3971,5,65.3971,ILHY,2006,2202
0.984584693,Optimal,20060629,61,3,64,ILHY,2006,2202
0.684762124,Optimal,20060629,62.9451,3.3333,66.2784,ILHY,2006,2202
1.01523068,Optimal,20060629,62.0147,3.6667,65.6814,ILHY,2006,2202
0.926914104,Optimal,20060629,62.077,5.6667,67.7437,ILHY,2006,2202
0.996948635,Optimal,20060629,65.4489,4.3333,69.7822,ILHY,2006,2202
1.189884022,Optimal,20060629,62.9885,3.3333,66.3218,ILHY,2006,2202
1.119492766,Optimal,20060629,60.7778,4.6667,65.4445,ILHY,2006,2202
0.616967834,Optimal,20060629,64.1554,5,69.1554,ILHY,2006,2202
0.738741768,Optimal,20060629,64.2431,4,68.2431,ILHY,2006,2202
0.929522801,Optimal,20060629,62.0417,4.3333,66.375,ILHY,2006,2202
0.875468737,Optimal,20060629,62.2798,4.3333,66.6131,ILHY,2006,2202
0.896088025,Optimal,20060629,61.344,5.3333,66.6773,ILHY,2006,2202
1.049667112,Optimal,20060629,63.6994,4,67.6994,ILHY,2006,2202
0.765467842,Optimal,20060629,63.9925,4.3333,68.3258,ILHY,2006,2202
0.249434885,Optimal,20060629,63.5069,3.6667,67.1736,ILHY,2006,2202
1.111857515,Optimal,20060629,63.7158,4,67.7158,ILHY,2006,2202
0.058268908,Optimal,20060629,61.7986,4.3333,66.1319,ILHY,2006,2202
0.763931779,Optimal,20060629,62.0416,3.6667,65.7083,ILHY,2006,2202
0.93738664,Optimal,20060629,62.4281,3,65.4281,ILHY,2006,2202
0.611557444,Optimal,20060629,64.8681,5.3333,70.2014,ILHY,2006,2202
0.865712971,Optimal,20060629,63.5954,5,68.5954,ILHY,2006,2202
0.522773957,Optimal,20060629,65.2178,4,69.2178,ILHY,2006,2202
0.789956236,Optimal,20060629,64.1957,2.6667,66.8624,ILHY,2006,2202
0.916290732,Optimal,20060629,64.3586,5,69.3586,ILHY,2006,2202
0.587786665,Optimal,20060629,61.6609,5,66.6609,ILHY,2006,2202
0.534561681,Optimal,20060629,65.5051,4,69.5051,ILHY,2006,2202
-0.07612539,Optimal,20060629,66.2267,2.3333,68.56,ILHY,2006,2202
